,0,1,2,3,4,5,6
1,75,76,76,77,77,75,77
2,88,88,68,73,88,74,73
3,68,88,68,68,68,68,88
4,68,77,80,77,68,80,73
5,68,88,68,88,80,80,80
6,80,80,80,80,68,80,80
7,87,80,68,68,87,80,87
8,68,77,68,76,76,76,76
9,68,80,80,68,80,80,80
10,89,89,89,89,89,89,69
11,88,88,78,78,88,78,78
12,68,88,68,78,78,88,68
13,77,77,77,77,68,68,77
14,80,80,67,86,80,86,80
15,69,80,80,69,80,69,69
16,86,68,68,77,86,77,86
17,83,73,69,69,78,83,88
18,80,68,80,68,68,80,68
19,80,68,68,80,68,80,80
20,80,86,68,80,86,80,80
21,77,77,77,84,69,77,77
22,73,73,69,73,80,69,89
23,88,80,80,88,80,80,80
24,69,69,69,73,73,73,78
25,69,69,69,77,77,69,69
26,68,77,68,77,77,77,77
27,68,73,73,68,68,73,73
28,88,80,88,68,88,80,80
29,68,68,77,68,78,77,73
30,80,80,40,80,80,40,40
31,80,80,89,68,88,89,68
32,79,79,67,67,67,79,67
33,73,88,88,86,88,86,73
34,80,77,68,77,80,77,68
35,76,76,76,76,68,74,76
36,80,80,68,80,80,80,86
37,80,67,67,67,67,67,80
38,87,68,87,68,88,87,88
39,87,87,87,78,87,73,68
40,68,68,68,68,68,68,68
41,77,77,68,68,68,68,77
42,67,67,77,67,77,77,77
43,67,88,88,88,88,80,80
44,80,88,67,67,67,67,88
45,67,80,80,80,80,77,67
46,80,67,67,67,80,80,67
47,80,77,77,77,80,77,67
48,79,67,67,79,79,67,79
49,86,77,67,86,67,67,77
50,74,89,87,74,89,74,50
51,80,80,90,90,90,80,90
52,80,67,67,80,67,67,80
53,73,88,73,67,88,88,73
54,68,68,73,80,73,80,68
55,88,80,80,78,67,80,86
56,80,78,80,80,80,78,67
57,67,67,67,67,80,80,80
58,80,80,67,80,80,67,67
59,80,80,80,67,67,67,80
60,80,80,80,66,66,80,80
61,67,67,67,67,80,80,67
62,73,87,87,73,87,73,67
63,76,76,76,67,67,76,77
64,80,67,67,67,67,80,67
65,80,66,80,66,77,66,80
66,86,86,68,77,86,68,86
67,77,77,77,77,67,67,67
68,67,86,88,73,73,73,67
69,86,89,89,86,89,77,86
70,67,86,67,86,77,77,86
71,76,75,76,76,84,75,84
72,78,78,67,78,78,77,81
73,73,67,67,90,73,73,77
74,73,80,73,73,80,38,80
75,67,67,67,79,79,79,79
76,66,66,78,66,66,78,80
77,80,88,66,80,80,88,66
78,66,76,74,76,80,80,74
79,66,66,66,66,73,73,73
80,89,77,77,77,89,89,66
81,67,67,77,86,67,77,77
82,87,74,73,87,73,66,66
83,77,66,66,66,77,77,77
84,87,83,67,87,83,67,67
85,77,67,67,77,77,77,77
86,80,66,66,80,80,66,66
87,80,80,80,66,66,80,66
88,66,66,77,77,77,86,77
89,87,82,87,55,87,55,82
90,77,66,77,66,86,77,88
91,84,77,76,66,76,76,66
92,66,86,86,86,86,78,73
93,69,69,69,69,80,80,69
94,77,77,63,76,63,63,77
95,84,84,77,77,84,75,84
96,64,64,64,73,73,64,88
97,80,63,90,63,90,63,63
98,64,88,64,80,80,64,80
99,75,76,10,76,10,84,75
100,88,88,70,78,70,70,78
101,75,54,87,73,87,54,54
102,76,76,75,75,43,75,75
103,69,84,76,75,69,76,76
104,77,77,69,69,69,69,69
105,69,77,77,69,69,69,77
106,88,88,88,69,69,88,88
107,80,80,80,80,80,80,69
108,77,69,69,69,69,77,77
109,69,69,87,77,87,69,69
110,89,74,73,73,89,74,77
111,69,86,77,77,69,77,86
112,74,76,76,74,74,69,74
113,80,69,69,80,80,80,69
114,75,69,75,75,69,69,69
115,69,69,69,79,79,69,79
116,77,77,77,69,77,77,77
117,74,88,74,69,73,74,69
118,73,73,69,88,74,73,88
119,67,79,79,79,79,79,79
120,69,78,77,69,78,78,78
121,69,89,73,69,69,69,73
122,69,77,77,77,69,77,77
123,83,69,83,77,77,69,69
124,69,69,80,69,85,85,69
125,80,69,69,86,86,80,86
126,80,69,69,69,80,69,80
127,73,80,73,45,78,80,78
128,88,69,73,73,69,73,69
129,69,69,88,78,86,88,69
130,78,78,69,78,78,69,78
131,86,86,80,34,34,86,86
132,74,76,80,80,80,74,74
133,80,12,80,12,89,12,12
134,14,14,14,14,80,80,80
135,85,80,41,88,85,41,88
136,80,12,12,12,80,80,80
137,69,80,80,80,69,69,80
138,69,69,77,76,77,77,77
139,76,42,42,76,77,77,42
140,66,74,76,74,76,74,74
141,76,27,81,87,87,76,76
142,84,74,76,44,74,84,84
143,38,84,38,38,38,38,38
144,73,61,73,61,88,61,61
145,88,88,88,87,73,87,88
146,69,80,69,80,80,80,69
147,88,73,88,88,73,88,73
148,74,73,73,69,74,74,73
149,69,80,80,80,69,80,80
150,77,80,69,80,69,69,69
151,77,44,44,76,76,44,76
152,87,77,87,46,46,87,87
153,77,61,77,61,61,61,77
154,77,77,52,52,52,77,52
155,86,86,86,60,84,86,60
156,88,78,78,78,65,65,65
157,59,80,80,89,89,59,89
158,77,77,62,77,62,77,62
159,65,88,88,88,65,88,65
160,65,80,80,65,80,80,80
161,73,86,59,59,86,73,59
162,80,54,80,80,80,80,54
163,47,77,47,47,77,47,77
164,62,62,74,73,73,73,88
165,80,80,59,59,80,59,59
166,80,80,59,80,59,80,59
167,53,53,53,53,77,77,53
168,47,77,77,47,77,47,77
169,75,66,75,75,75,66,77
170,80,80,80,80,77,86,86
171,77,87,87,87,87,87,64
172,86,53,87,80,89,80,87
173,74,74,73,86,86,73,77
174,73,73,54,74,54,74,73
175,87,87,87,58,58,87,58
176,59,59,88,87,88,89,87
177,90,73,90,39,39,39,90
178,80,80,80,80,30,80,30
179,44,87,87,87,44,87,44
180,52,80,89,80,52,89,89
181,70,70,86,74,70,70,73
182,80,80,80,78,78,80,63
183,73,73,87,73,88,52,52
184,66,66,83,77,77,87,66
185,83,83,88,33,33,86,33
186,84,73,84,73,84,53,53
187,73,80,80,73,47,78,73
188,89,89,80,80,60,73,80
189,75,77,65,75,77,75,65
190,62,89,89,80,89,62,89
191,80,57,57,85,80,80,57
192,80,53,53,80,53,80,80
193,56,56,80,80,80,56,80
194,78,46,77,77,77,78,77
195,87,88,73,73,57,87,73
196,62,80,62,80,80,80,80
197,86,86,40,86,80,86,40
198,63,88,63,88,63,88,63
199,30,30,89,30,80,30,80
200,83,53,83,53,83,53,53
201,83,74,77,77,83,74,77
202,86,77,77,66,66,77,86
203,90,90,65,65,65,90,90
204,77,87,77,77,87,77,77
205,89,89,89,80,89,43,80
206,61,74,61,88,75,87,87
207,80,73,63,80,73,63,63
208,47,77,47,47,83,77,77
209,77,77,84,57,77,57,80
210,62,73,74,74,74,74,73
211,89,89,89,43,89,43,43
212,61,61,80,61,61,80,61
213,86,80,59,59,80,59,59
214,84,89,55,80,55,84,80
215,62,80,62,62,80,62,62
216,77,86,62,77,77,86,77
217,83,86,83,86,83,86,65
218,88,64,64,88,64,88,64
219,57,83,83,83,57,83,83
220,86,86,86,77,69,69,69
221,80,80,69,69,69,80,80
222,87,74,87,74,73,69,87
223,69,80,69,80,88,88,80
224,69,69,80,80,69,80,80
225,76,69,76,77,77,69,69
226,73,63,63,63,63,73,88
227,64,87,64,87,73,87,74
228,87,87,74,73,74,74,87
229,74,57,73,73,87,87,57
230,87,74,87,59,87,74,87
231,73,77,77,74,77,73,74
232,73,90,73,77,61,61,61
233,65,65,73,73,73,65,65
234,83,73,48,83,83,48,83
235,73,73,73,73,69,77,69
236,80,77,80,77,80,80,69
237,86,80,86,69,80,86,69
238,77,60,77,60,77,77,77
239,80,65,65,78,78,78,65
240,69,75,77,77,75,69,77
241,89,86,89,89,65,73,73
242,77,77,70,70,70,77,70
243,77,76,77,76,77,70,77
244,80,73,73,73,70,80,73
245,70,88,89,89,73,88,80
246,86,80,70,80,70,70,70
247,74,76,76,73,74,74,76
248,78,70,77,78,77,77,78
249,77,77,77,70,77,70,77
250,73,87,87,73,87,70,70
251,77,77,77,77,70,77,77
252,87,73,70,88,74,73,88
253,70,70,70,80,80,80,86
254,73,78,74,73,70,70,74
255,86,70,70,86,77,86,77
256,86,70,86,86,70,77,70
257,70,73,70,77,70,70,87
258,80,87,70,80,70,70,70
259,76,77,70,77,70,77,76
260,87,88,85,73,73,70,87
261,77,77,70,77,77,77,77
262,80,80,80,80,80,70,80
263,73,73,70,70,73,70,73
264,70,70,70,87,87,87,88
265,73,63,88,88,73,88,63
266,70,70,73,70,70,70,70
267,72,0,0,72,0,0,0
268,70,86,80,70,80,80,80
269,77,70,77,77,77,70,77
270,80,88,88,80,80,87,70
271,74,73,74,73,87,70,74
272,70,80,70,80,80,80,70
273,88,73,78,68,78,78,78
274,86,77,86,77,86,77,86
275,86,86,68,86,86,80,80
276,80,80,86,86,80,86,80
277,80,68,68,68,80,68,68
278,80,80,80,86,80,86,80
279,68,68,68,68,68,68,68
280,86,69,80,69,69,86,69
281,88,88,88,88,67,88,88
282,80,69,80,69,69,69,69
283,86,86,69,69,86,80,86
284,69,69,69,77,86,69,69
285,69,80,69,80,80,80,69
286,86,89,89,86,89,89,86
287,80,69,80,69,80,69,80
288,83,88,69,88,83,88,88
289,69,80,69,69,69,80,84
290,77,77,70,77,77,70,77
291,85,85,88,70,88,70,70
292,70,80,70,80,80,70,80
293,70,70,70,70,70,78,78
294,77,77,77,77,77,77,70
295,88,70,88,88,88,88,88
296,80,80,80,80,70,70,70
297,80,70,70,70,80,80,70
298,70,88,70,87,70,87,73
299,78,80,70,80,78,80,82
300,88,73,73,73,73,73,70
301,77,77,77,77,70,77,77
302,88,88,82,82,85,88,70
303,80,70,80,80,80,80,70
304,76,76,74,74,76,74,69
305,70,70,70,70,80,80,70
306,86,80,70,86,80,86,70
307,85,78,70,78,78,85,88
308,81,76,81,70,81,80,80
309,78,70,70,78,78,70,78
310,70,70,70,80,80,70,80
311,70,88,70,80,86,80,86
312,80,80,85,77,78,80,77
313,86,86,70,73,70,70,73
314,70,73,70,70,76,73,70
315,80,88,71,71,80,88,71
316,77,80,77,77,80,70,80
317,80,66,80,66,66,66,80
318,89,80,89,80,66,89,89
319,86,77,86,69,86,84,77
320,79,69,69,69,79,69,79
321,77,69,77,69,69,69,69
322,88,88,88,85,85,88,88
323,70,73,88,73,70,88,70
324,85,85,70,85,85,85,70
325,80,80,70,88,88,70,80
326,80,73,73,80,70,73,80
327,78,85,80,70,78,85,80
328,85,86,73,73,86,70,70
329,88,88,78,71,88,78,80
330,80,70,80,70,70,70,80
331,70,70,88,88,74,74,88
332,88,88,80,80,78,88,88
333,70,88,85,70,88,70,70
334,85,78,70,70,70,78,78
335,70,70,70,70,77,70,70
336,78,88,78,88,88,88,70
337,70,88,70,88,77,70,77
338,77,77,70,70,77,77,70
339,70,73,70,70,70,80,70
340,80,80,70,70,70,70,80
341,77,70,70,77,70,77,77
342,85,77,85,70,77,70,70
343,73,83,83,73,83,73,87
344,80,70,70,70,70,70,70
345,70,77,70,80,70,80,77
346,70,78,70,80,78,80,80
347,71,71,80,80,71,71,77
348,78,80,88,78,78,80,78
349,73,88,73,73,88,73,88
350,85,71,88,85,71,85,73
351,71,83,83,71,71,71,71
352,84,70,84,70,70,70,70
353,73,83,87,87,71,73,73
354,71,71,86,77,77,77,71
355,74,71,71,87,88,87,87
356,88,80,80,88,88,80,80
357,48,80,80,80,48,48,80
358,74,88,73,73,73,74,70
359,88,70,70,88,70,88,88
360,70,79,70,70,79,70,79
361,78,78,88,88,78,70,88
362,84,73,77,73,73,77,77
363,68,68,73,68,68,68,73
364,77,68,68,77,68,77,77
365,80,80,68,80,68,80,80
366,68,68,68,80,80,68,68
367,68,68,68,68,77,68,68
368,69,69,69,77,77,69,77
369,77,69,77,77,69,77,69
370,80,80,88,80,80,80,80
371,69,80,86,80,80,86,69
372,77,77,77,77,68,68,77
373,74,74,68,87,68,68,74
374,73,73,73,73,76,76,73
375,68,80,68,68,80,68,80
376,77,67,77,67,67,77,77
377,76,76,76,76,76,67,76
378,67,67,67,80,67,80,80
379,83,83,68,68,83,68,68
380,67,87,73,67,73,67,67
381,77,67,67,86,67,86,86
382,80,67,80,77,80,80,80
383,76,67,67,76,77,67,77
384,67,67,77,67,77,77,67
385,73,67,67,74,67,77,73
386,77,66,66,77,77,77,66
387,66,66,66,80,66,80,66
388,77,77,77,77,73,77,73
389,74,67,74,76,67,76,76
390,77,77,77,66,66,77,66
391,77,73,66,73,73,73,77
392,80,80,66,66,66,66,66
393,66,77,77,66,66,66,77
394,86,77,85,77,85,67,67
395,66,66,77,77,66,77,77
396,78,67,78,78,83,83,67
397,73,66,73,73,66,73,66
398,66,74,66,87,74,73,66
399,73,77,66,74,73,73,66
400,67,67,77,67,77,77,77
401,77,77,68,68,77,68,77
402,88,77,86,77,63,86,77
403,80,73,62,80,78,74,78
404,76,13,75,75,76,13,75
405,69,74,69,74,69,85,69
406,83,83,69,69,69,69,88
407,77,69,77,77,77,77,77
408,69,77,88,88,69,75,88
409,77,77,77,80,80,80,80
410,69,77,77,69,77,69,77
411,69,69,81,77,87,81,77
412,69,69,69,69,77,69,77
413,83,83,69,69,83,69,83
414,77,77,77,77,55,55,55
415,76,77,76,76,76,76,90
416,76,76,80,76,30,80,76
417,34,76,80,34,80,76,80
418,84,84,23,75,84,84,23
419,76,77,37,37,77,37,84
420,75,84,76,24,84,84,75
421,69,80,86,69,69,69,86
422,69,69,77,77,69,77,77
423,87,76,81,76,87,81,55
424,83,83,83,69,69,83,69
425,77,77,65,65,77,77,65
426,73,73,88,75,76,76,75
427,80,35,35,35,80,35,80
428,77,44,77,44,44,44,77
429,87,80,24,87,80,87,87
430,89,89,89,77,77,6,77
431,74,59,73,59,73,59,74
432,84,13,76,76,84,75,75
433,77,62,77,62,62,77,62
434,87,87,87,29,87,29,29
435,77,77,73,77,77,42,77
436,83,83,54,83,54,83,54
437,65,83,65,83,65,83,65
438,83,83,83,56,56,56,56
439,66,83,83,66,66,83,83
440,55,55,83,83,55,83,83
441,52,52,52,83,52,83,83
442,83,63,63,83,83,83,83
443,83,83,36,36,83,36,36
444,83,87,87,31,31,83,87
445,83,18,83,18,18,18,83
446,83,83,49,49,49,83,83
447,83,49,83,49,49,83,83
448,49,49,83,49,83,83,49
449,87,87,87,74,87,73,52
450,62,87,87,74,74,87,74
451,84,51,86,51,86,51,86
452,51,83,83,83,83,51,51
453,56,83,73,83,83,56,73
454,69,80,80,69,80,80,80
455,70,70,73,70,70,73,70
456,70,70,77,70,77,73,70
457,76,74,80,80,80,76,80
458,68,68,68,68,80,68,68
459,68,80,68,68,68,68,80
460,80,80,68,68,80,68,80
461,80,68,80,80,80,80,68
462,80,80,86,86,80,80,86
463,67,74,67,74,67,74,74
464,80,80,80,67,80,80,67
465,86,86,74,86,86,67,86
466,65,65,65,65,88,65,65
467,80,80,66,80,66,66,80
468,80,66,80,80,80,80,80
469,66,80,80,66,80,66,80
470,66,90,66,66,66,66,66
471,89,69,80,69,89,69,69
472,69,81,69,69,74,81,81
473,75,76,69,84,76,69,69
474,87,36,36,36,89,89,87
475,80,69,69,69,80,80,69
476,77,69,69,77,77,69,77
477,76,69,69,69,76,77,69
478,86,86,77,86,77,77,13
479,88,85,85,31,88,85,31
480,77,88,32,77,32,77,77
481,33,80,80,80,77,80,33
482,32,78,77,78,77,77,78
483,86,15,89,89,86,80,86
484,85,14,85,85,85,85,14
485,37,37,37,84,37,37,86
486,77,27,86,27,27,86,27
487,77,77,77,77,86,77,26
488,23,23,82,23,82,23,23
489,19,86,19,88,82,86,19
490,77,77,28,28,28,88,86
491,74,74,73,74,73,73,74
492,28,80,80,28,80,28,28
493,7,85,7,85,7,85,85
494,77,13,77,77,13,77,77
495,77,29,29,74,74,29,74
496,80,80,19,80,80,19,80
497,77,77,77,11,77,77,77
498,24,73,89,74,89,73,73
499,80,31,80,31,31,80,80
500,74,69,76,69,69,69,76
501,75,75,14,76,84,76,76
502,89,89,77,89,77,77,44
503,80,45,45,45,45,45,80
504,80,80,40,40,80,40,80
505,88,88,88,27,27,88,85
506,80,80,28,80,80,28,80
507,80,80,24,24,80,24,24
508,69,80,69,80,69,69,69
509,80,80,62,62,62,80,80
510,90,73,27,73,73,90,73
511,35,74,35,74,35,89,35
512,86,86,77,80,80,77,80
513,22,85,22,22,22,22,85
514,77,50,86,86,86,77,50
515,89,70,80,89,70,73,73
516,56,56,77,77,56,56,77
517,77,52,80,80,80,77,80
518,80,80,63,80,80,80,63
519,74,74,74,74,21,21,21
520,89,89,89,89,74,74,74
521,51,89,89,80,89,89,51
522,59,77,80,77,59,59,59
523,40,80,80,80,77,80,40
524,77,77,13,13,13,13,13
525,82,19,82,19,85,19,19
526,73,73,80,32,32,80,73
527,80,80,55,80,55,55,55
528,80,89,57,57,89,80,89
529,58,80,80,58,80,80,58
530,74,74,74,74,74,48,74
531,80,69,86,69,80,80,86
532,70,70,86,86,86,86,86
533,70,85,70,85,70,85,70
534,70,80,80,80,70,80,70
535,86,86,70,70,70,77,86
536,80,80,70,80,70,80,80
537,64,64,64,80,64,64,64
538,75,75,84,76,76,70,84
539,76,70,77,76,77,76,70
540,73,68,68,73,68,73,73
541,74,74,68,68,68,73,74
542,68,84,68,84,86,84,75
543,84,84,80,68,80,84,80
544,69,69,69,86,80,86,80
545,86,86,86,68,77,77,86
546,69,88,69,69,69,69,73
547,69,78,78,69,69,69,78
548,69,81,69,76,76,76,81
549,68,80,80,68,80,68,89
550,73,88,88,68,73,88,88
551,68,83,68,83,83,68,68
552,68,68,68,68,68,68,68
553,86,68,68,80,86,68,80
554,74,68,74,68,74,68,68
555,80,68,68,80,68,68,80
556,90,68,90,90,68,90,90
557,67,67,67,67,84,84,80
558,80,81,67,80,81,88,80
559,80,83,67,67,80,80,83
560,74,87,77,86,68,81,74
561,80,80,83,80,67,67,67
562,74,74,90,90,73,90,68
563,83,68,68,83,68,68,68
564,68,83,77,83,77,77,83
565,88,68,88,88,83,83,83
566,73,74,88,74,73,73,73
567,83,67,83,83,83,67,83
568,86,88,67,86,88,86,88
569,67,67,83,80,83,83,67
570,90,90,90,67,67,90,67
571,66,88,66,66,77,88,77
572,73,73,73,88,73,73,73
573,88,83,88,88,66,66,88
574,88,88,86,85,85,66,66
575,90,90,67,77,90,77,90
576,74,78,78,73,78,74,74
577,77,77,66,66,77,66,87
578,87,87,73,87,73,87,66
579,77,66,77,66,66,66,66
580,86,77,86,77,68,68,86
581,88,80,88,80,80,88,66
582,66,66,66,80,86,66,66
583,66,78,78,88,78,88,66
584,80,66,66,80,76,76,76
585,77,77,66,66,66,66,66
586,67,67,67,67,73,73,73
587,80,85,80,85,80,66,80
588,84,64,84,76,76,75,84
589,90,42,42,90,42,90,90
590,87,73,73,87,83,69,73
591,88,69,88,80,88,80,80
592,88,68,68,88,88,68,88
593,89,66,89,66,89,89,66
594,86,86,80,69,86,86,86
595,88,88,88,69,69,88,88
596,76,69,84,75,75,69,76
597,69,69,69,69,73,69,69
598,80,77,69,77,80,80,77
599,73,69,73,73,73,69,73
600,76,76,69,76,76,69,69
601,74,74,74,16,16,74,74
602,84,86,84,24,84,86,24
603,88,27,27,85,27,88,88
604,7,7,7,7,7,7,7
605,17,84,84,84,84,17,17
606,23,23,80,80,23,80,80
607,13,88,86,88,88,88,13
608,18,18,18,18,18,86,86
609,77,23,77,23,23,23,77
610,84,84,31,31,31,31,31
611,78,85,17,85,17,85,17
612,80,80,10,10,10,80,80
613,9,9,77,9,9,77,9
614,29,29,29,29,80,29,29
615,88,88,88,88,88,8,88
616,83,41,41,87,87,83,83
617,3,80,3,80,80,3,3
618,28,28,28,80,80,28,28
619,69,80,69,88,88,88,88
620,80,69,69,80,69,69,69
621,90,28,90,28,28,90,90
622,33,74,33,76,76,33,33
623,76,67,67,76,67,76,76
624,76,75,84,18,84,18,84
625,75,76,76,75,76,76,75
626,22,76,76,22,22,80,80
627,64,80,80,64,80,64,80
628,78,78,69,69,78,80,78
629,77,77,55,77,55,55,84
630,38,77,77,84,77,77,38
631,73,86,65,73,73,89,73
632,55,55,55,55,80,80,55
633,11,11,80,80,11,11,80
634,79,79,79,79,69,79,79
635,83,53,53,83,83,83,83
636,74,87,73,74,73,88,88
637,54,83,77,77,83,54,83
638,55,80,55,55,55,80,55
639,80,80,52,80,80,80,52
640,80,62,80,80,80,80,80
641,80,30,89,80,30,89,89
642,82,63,82,63,63,63,82
643,86,86,86,86,67,80,80
644,61,79,61,61,61,61,79
645,79,63,79,79,79,63,63
646,42,42,42,42,90,42,42
647,89,89,89,89,89,58,80
648,86,77,86,25,77,25,86
649,88,78,57,78,88,88,88
650,30,80,30,30,30,30,80
651,80,80,73,62,73,62,80
652,77,63,77,77,63,77,63
653,88,88,82,31,31,82,82
654,85,88,47,82,85,88,88
655,59,80,74,59,59,77,80
656,88,82,82,82,78,4,4
657,88,35,35,35,82,82,35
658,63,63,80,63,80,80,80
659,85,88,88,88,85,88,17
660,80,80,80,64,80,80,80
661,25,25,90,90,90,25,25
662,80,53,53,86,86,86,86
663,77,77,52,77,77,77,77
664,80,57,80,57,80,57,57
665,83,87,87,73,83,83,87
666,83,47,83,47,83,83,47
667,83,83,83,83,83,83,50
668,83,73,83,54,54,54,73
669,83,64,64,64,83,83,64
670,88,66,83,83,88,88,88
671,8,83,83,8,8,83,8
672,83,65,65,65,83,83,83
673,88,82,82,88,82,35,35
674,83,55,55,55,55,55,83
675,83,83,83,1,83,83,83
676,69,69,69,80,69,69,69
677,79,70,70,79,79,79,70
678,80,70,80,70,70,80,88
679,54,74,73,54,74,54,73
680,73,73,70,73,70,70,74
681,70,70,70,70,83,70,83
682,85,83,85,88,88,85,85
683,70,70,70,77,70,77,77
684,73,66,88,88,66,66,88
685,73,69,88,73,69,73,69
686,66,73,80,73,66,80,73
687,70,77,70,77,77,70,70
688,77,70,77,77,77,77,77
689,73,70,88,70,70,88,70
690,70,89,89,89,70,80,80
691,87,88,87,82,87,88,87
692,68,80,86,77,68,86,86
693,80,80,80,80,68,80,68
694,68,68,68,86,86,68,68
695,77,68,80,68,68,68,77
696,69,88,88,69,88,69,80
697,68,80,80,68,68,68,68
698,67,67,80,80,67,80,80
699,67,80,67,80,80,80,80
700,68,68,77,68,68,68,77
701,66,66,79,66,79,66,66
702,67,67,67,77,67,67,86
703,80,80,80,67,80,67,67
704,66,80,86,86,80,66,86
705,86,86,84,86,25,84,86
706,83,83,83,69,83,69,69
707,64,80,80,80,80,64,80
708,80,80,62,80,80,62,62
709,65,77,86,65,77,65,65
710,77,58,58,58,58,77,77
711,80,69,69,69,80,80,69
712,80,80,77,77,77,60,60
713,80,68,80,68,80,68,80
714,80,68,86,86,86,68,86
715,80,68,68,68,80,77,80
716,86,86,86,68,80,80,68
717,69,69,88,80,80,69,80
718,77,69,69,77,69,69,77
719,67,77,77,77,77,77,77
720,86,74,74,68,86,73,73
721,77,68,77,68,68,77,77
722,68,68,68,77,77,77,68
723,77,68,68,80,68,68,80
724,80,80,80,68,80,68,80
725,77,77,77,67,77,67,67
726,68,80,68,80,68,76,76
727,86,86,86,67,86,67,86
728,87,67,87,77,77,67,67
729,80,80,67,67,80,67,80
730,69,86,80,86,80,69,69
731,67,67,67,67,80,77,77
732,77,77,77,86,86,66,77
733,80,86,67,67,80,86,86
734,66,77,66,66,66,66,66
735,66,80,66,80,80,66,66
736,66,80,86,80,86,86,80
737,77,80,67,80,67,67,77
738,77,67,67,77,77,77,86
739,63,77,77,63,86,86,63
740,86,86,80,80,69,80,69
741,80,88,80,80,88,88,80
742,69,69,69,69,88,69,88
743,88,88,88,69,69,69,73
744,69,80,89,69,89,69,80
745,45,77,45,77,77,77,45
746,58,58,77,77,58,58,58
747,86,66,86,86,86,66,86
748,86,88,73,88,88,86,73
749,86,77,86,86,77,70,70
750,80,70,80,80,80,80,80
751,73,70,73,73,86,86,88
752,73,71,71,71,71,88,71
753,67,80,67,67,80,67,80
754,88,70,78,70,78,88,88
755,74,87,81,74,87,74,73
756,77,77,77,68,77,68,77
757,68,79,79,79,79,68,79
758,69,88,88,88,69,87,87
759,73,73,68,73,68,68,68
760,68,87,68,87,68,68,87
761,73,88,68,73,88,88,88
762,69,80,69,80,69,80,69
763,69,69,69,77,77,69,77
764,69,86,77,77,69,69,77
765,65,65,65,77,65,65,65
766,79,69,69,69,79,79,69
767,68,83,83,68,68,68,83
768,74,74,68,68,76,68,76
769,74,68,87,68,87,74,68
770,88,88,85,78,82,82,78
771,88,88,88,88,68,88,88
772,80,80,80,68,80,80,80
773,88,88,88,88,67,88,88
774,83,68,68,68,68,83,83
775,68,86,77,77,86,68,86
776,68,68,68,68,68,68,68
777,68,68,68,83,68,83,68
778,80,86,68,77,77,86,68
779,73,67,67,73,73,73,67
780,67,77,67,77,77,77,67
781,68,68,77,77,68,77,86
782,80,80,80,67,80,67,67
783,67,77,77,67,67,86,67
784,66,83,80,80,80,80,66
785,67,67,67,86,86,77,86
786,77,77,77,77,86,68,68
787,80,77,80,80,77,77,80
788,88,67,67,67,67,83,83
789,77,68,77,77,77,80,80
790,77,68,77,77,77,68,77
791,76,76,76,68,76,76,76
792,77,67,67,67,77,67,77
793,77,77,77,77,77,77,77
794,67,67,86,67,67,67,67
795,67,76,67,67,77,67,77
796,86,86,86,86,67,86,86
797,73,73,73,67,67,73,73
798,73,68,68,73,73,73,68
799,80,68,68,80,80,80,80
800,68,83,83,88,83,83,68
801,77,67,77,67,77,67,67
802,66,66,78,88,73,66,66
803,80,73,89,80,73,89,73
804,77,67,67,67,67,67,77
805,85,77,66,85,77,77,85
806,80,66,66,73,66,73,66
807,80,66,66,80,66,66,66
808,73,73,66,66,66,66,73
809,80,73,85,80,80,66,80
810,73,73,67,67,67,73,67
811,79,79,66,79,79,79,66
812,76,74,67,67,67,76,67
813,79,79,79,79,69,79,69
814,67,79,67,67,79,79,67
815,69,80,80,80,86,69,80
816,68,83,83,83,83,68,68
817,80,80,80,80,69,69,69
818,69,77,69,69,77,77,77
819,69,69,77,77,69,77,77
820,77,69,81,69,81,81,69
821,86,77,69,86,86,86,69
822,41,80,80,41,41,41,41
823,82,82,82,88,82,78,69
824,77,77,77,69,69,77,69
825,69,88,87,69,69,73,88
826,69,74,69,69,69,69,69
827,73,73,74,74,74,74,73
828,76,69,76,74,69,74,69
829,69,69,69,74,73,74,69
830,88,69,73,73,88,69,69
831,73,88,88,69,69,74,88
832,69,80,69,81,69,81,76
833,73,69,73,69,73,73,69
834,83,83,88,83,83,68,88
835,7,7,84,84,7,86,7
836,12,12,12,77,77,86,77
837,80,80,14,14,80,14,14
838,69,69,73,73,73,73,73
839,83,68,88,68,68,68,83
840,90,90,73,80,80,90,73
841,69,88,69,69,69,73,73
842,80,76,77,76,76,77,76
843,32,76,32,77,32,76,32
844,78,78,69,78,69,69,78
845,77,69,77,77,77,77,69
846,69,69,80,69,69,69,80
847,79,69,79,69,80,69,80
848,17,82,17,82,88,17,82
849,73,63,63,86,63,86,73
850,69,79,69,79,69,69,79
851,39,80,39,39,39,39,80
852,80,80,80,80,88,88,80
853,65,65,77,65,83,65,83
854,77,83,83,83,60,83,77
855,88,54,85,86,88,86,86
856,64,77,77,77,64,80,77
857,79,79,79,69,79,69,69
858,69,83,83,69,69,83,83
859,83,83,59,83,59,77,77
860,88,88,60,88,60,88,88
861,59,59,59,59,59,59,83
862,76,77,74,74,74,76,76
863,80,69,69,80,69,80,80
864,77,77,69,77,69,77,69
865,80,80,80,70,70,70,80
866,69,77,86,77,86,86,69
867,69,69,69,69,80,69,69
868,70,80,70,80,80,70,70
869,70,70,77,77,86,77,77
870,86,70,70,86,70,70,70
871,77,77,70,77,77,77,70
872,70,86,70,86,86,70,70
873,70,77,70,77,86,77,70
874,80,80,80,70,80,70,80
875,80,86,80,70,86,70,86
876,77,70,70,77,77,77,73
877,70,74,74,74,74,70,86
878,85,70,70,85,77,70,85
879,70,89,70,70,70,70,89
880,80,70,70,70,80,70,70
881,77,77,70,73,77,77,70
882,80,80,70,70,80,80,80
883,80,80,80,70,80,80,80
884,79,70,79,79,79,70,70
885,71,83,71,83,83,71,71
886,70,88,70,70,88,88,88
887,70,70,80,80,70,80,80
888,80,70,70,70,80,70,70
889,86,70,86,86,70,86,86
890,74,73,70,73,70,74,70
891,80,70,89,89,89,80,70
892,76,81,70,81,76,70,76
893,70,77,77,77,70,70,70
894,70,70,76,76,70,76,70
895,88,83,88,83,88,70,83
896,70,70,70,70,70,70,70
897,68,87,87,87,87,74,68
898,80,80,80,80,70,70,80
899,80,80,70,70,80,80,70
900,70,70,70,70,70,80,70
901,77,77,70,77,77,77,77
902,85,78,85,78,88,78,78
903,86,86,86,80,80,70,86
904,77,77,80,70,77,77,77
905,86,86,71,80,86,86,86
906,86,86,86,70,86,70,86
907,77,70,70,77,70,77,77
908,77,77,77,77,77,71,71
909,80,71,80,80,80,71,71
910,71,80,80,71,80,71,80
911,71,80,78,80,78,78,71
912,71,73,71,88,71,71,71
913,77,77,77,77,77,77,77
914,71,78,78,85,71,80,71
915,80,80,71,80,80,80,71
916,88,88,73,71,88,87,88
917,73,73,71,80,80,80,88
918,71,71,71,86,71,71,86
919,68,74,74,87,68,87,87
920,80,68,80,68,68,68,68
921,80,66,86,86,80,80,86
922,69,69,69,69,69,90,69
923,80,64,80,80,64,80,64
924,69,69,69,74,80,80,69
925,69,88,69,88,88,69,88
926,69,69,77,77,69,69,69
927,80,80,80,80,80,69,80
928,80,80,80,83,80,83,80
929,76,69,76,77,77,69,69
930,74,69,73,73,74,69,69
931,87,87,88,69,87,69,69
932,69,77,76,77,76,76,76
933,69,80,80,69,69,80,80
934,80,80,69,80,69,80,80
935,70,70,80,80,80,89,89
936,86,80,70,70,86,80,70
937,80,80,80,80,80,70,80
938,70,86,86,70,70,86,77
939,68,68,88,88,88,68,88
940,77,77,67,77,77,67,77
941,67,77,77,67,80,80,77
942,80,80,80,80,66,80,66
943,88,67,67,88,67,88,88
944,67,80,77,77,67,80,89
945,85,77,85,86,36,86,85
946,76,76,75,75,54,75,76
947,74,74,86,74,86,86,61
948,77,86,86,86,86,86,77
949,80,80,80,80,80,80,80
950,68,80,80,68,68,68,68
951,74,74,76,74,74,68,74
952,77,68,68,68,68,77,68
953,68,77,80,80,68,77,77
954,68,79,79,68,79,79,79
955,86,68,86,68,86,86,86
956,67,80,67,80,80,67,67
957,77,77,77,65,77,65,65
958,67,80,67,67,80,67,67
959,77,77,77,77,77,66,66
960,66,66,80,66,80,80,66
961,66,80,66,80,80,80,80
962,66,80,80,66,80,80,80
963,80,88,80,80,80,66,80
964,80,77,68,77,80,80,77
965,77,30,30,84,84,77,84
966,86,30,86,30,30,86,86
967,80,9,80,9,9,80,9
968,84,22,84,84,84,22,84
969,41,41,76,41,76,41,41
970,64,77,77,77,77,64,77
971,77,64,89,77,77,64,89
972,65,80,65,65,65,65,80
973,79,69,79,79,69,69,79
974,88,80,88,88,69,80,80
975,88,69,69,88,88,88,88
976,69,69,73,73,73,88,88
977,69,69,73,69,69,69,69
978,88,88,88,85,88,85,85
979,80,80,69,80,80,69,69
980,69,80,80,80,69,69,69
981,69,69,69,80,80,80,69
982,69,74,74,74,73,74,73
983,69,69,69,69,69,88,88
984,88,70,70,70,70,88,88
985,69,69,80,69,69,69,80
986,70,88,88,88,88,70,70
987,70,70,88,88,88,70,70
988,77,70,70,70,70,86,77
989,76,70,84,70,70,75,84
990,80,86,70,86,80,80,80
991,70,70,70,78,78,70,78
992,77,88,77,70,88,77,70
993,77,75,70,74,74,77,74
994,70,80,70,80,70,70,80
995,77,77,77,70,70,77,77
996,76,77,77,68,76,76,68
997,68,77,68,77,77,68,68
998,77,67,67,77,77,77,77
999,77,77,67,67,77,67,67
1000,67,77,90,67,77,67,77
1001,69,77,77,77,77,77,77
1002,77,77,70,77,77,70,77
1003,77,85,76,76,70,77,70
1004,80,66,90,90,90,66,80
1005,80,64,64,80,80,80,80
1006,64,64,64,64,87,64,64
1007,77,77,77,77,77,70,70
1008,69,80,80,69,69,80,80
1009,80,80,69,80,69,80,80
1010,69,80,69,80,69,69,80
1011,78,78,69,78,69,69,78
1012,70,77,77,80,80,77,70
1013,74,70,74,70,88,88,74
1014,77,77,77,70,77,70,77
1015,76,76,76,80,80,70,70
1016,70,88,73,73,73,88,73
1017,80,80,80,69,80,80,80
1018,63,80,80,80,63,63,63
1019,62,88,73,88,62,62,62
1020,85,85,17,17,17,85,17
1021,36,80,80,80,36,80,36
1022,79,70,79,79,70,70,79
1023,70,70,70,77,70,70,77
1024,86,86,86,70,70,86,70
1025,80,73,80,73,88,73,73
1026,70,70,77,77,70,77,80
1027,68,73,73,68,73,68,68
1028,86,86,77,68,68,68,68
1029,77,68,68,68,77,77,77
1030,77,66,77,66,77,66,77
1031,74,76,67,67,67,76,67
1032,67,67,67,77,76,67,77
1033,74,74,69,69,69,74,74
1034,73,73,73,73,74,74,74
1035,66,66,66,77,66,66,77
1036,81,77,77,81,64,77,77
1037,77,77,84,86,84,86,77
1038,88,70,88,70,88,70,70
1039,80,70,70,80,70,80,80
1040,86,77,77,77,69,77,77
1041,77,68,68,86,86,86,77
1042,88,88,88,68,68,68,88
1043,68,77,77,77,68,68,68
1044,77,80,67,67,67,80,67
1045,80,80,80,66,80,80,80
1046,66,88,88,66,88,88,88
1047,69,69,69,77,77,77,77
1048,77,69,77,86,69,69,69
1049,77,69,69,69,69,77,69
1050,86,86,80,20,86,86,20
1051,69,69,69,69,77,77,77
1052,77,68,68,68,68,68,83
1053,80,80,68,68,80,68,80
1054,69,69,69,69,77,77,77
1055,80,67,80,80,80,67,67
1056,65,83,65,83,83,83,83
1057,77,69,77,77,77,77,77
1058,67,67,80,74,74,74,80
1059,69,69,69,77,69,77,77
1060,69,76,69,76,76,76,74
1061,69,77,77,77,69,80,80
1062,71,71,71,71,80,71,71
1063,68,80,76,80,80,76,80
1064,20,78,20,20,82,20,82
1065,56,79,79,56,56,56,79
1066,75,68,76,68,75,76,68
1067,69,69,77,77,77,77,77
1068,80,80,80,69,69,80,69
1069,80,78,88,67,80,67,67
1070,77,77,68,68,68,77,77
1071,77,77,77,77,68,68,77
1072,86,77,77,86,86,77,68
1073,88,88,67,88,67,88,88
1074,77,80,67,80,77,80,67
1075,67,80,67,67,80,80,80
1076,74,73,74,74,75,67,74
1077,67,88,67,67,88,88,67
1078,76,61,76,61,61,76,61
1079,84,77,77,69,69,69,77
1080,69,77,77,69,69,77,77
1081,69,78,69,69,69,69,78
1082,70,80,70,80,80,80,80
1083,88,70,88,88,70,88,78
1084,79,69,69,79,79,69,69
1085,69,86,86,80,69,80,69
1086,69,80,80,80,80,80,69
1087,69,73,73,69,69,69,69
1088,73,73,73,73,73,70,70
1089,86,86,70,73,88,86,70
1090,66,88,88,88,88,88,88
1091,50,75,74,50,76,74,74
1092,77,69,77,69,69,77,77
1093,77,77,69,69,69,69,69
1094,77,69,69,69,77,69,77
1095,69,77,77,77,77,69,69
1096,70,70,70,86,86,70,86
1097,80,69,69,80,69,80,80
1098,69,69,77,77,69,77,69
1099,67,80,80,67,67,80,67
1100,80,67,80,77,67,67,67
1101,85,66,80,80,66,85,85
1102,77,69,69,77,86,86,86
1103,80,77,63,80,77,63,77
1104,78,78,77,80,77,77,65
1105,74,73,88,71,73,73,71
1106,80,78,71,80,71,71,80
1107,68,68,68,80,68,80,68
1108,80,68,68,68,80,80,68
1109,88,80,88,88,67,67,88
1110,84,73,77,77,87,73,87
1111,80,80,69,69,80,80,69
1112,80,67,80,67,80,67,67
1113,80,67,67,80,67,67,80
1114,69,77,77,77,69,69,69
1115,77,80,80,77,80,69,77
1116,13,13,13,74,74,13,74
1117,80,69,80,69,80,69,69
1118,51,77,77,77,77,77,51
1119,86,80,80,86,60,86,86
1120,69,69,69,69,77,77,69
1121,80,84,69,80,80,84,69
1122,78,12,12,78,80,80,78
1123,27,80,80,80,27,27,27
1124,5,86,86,86,89,89,86
1125,88,88,88,34,34,88,88
1126,74,80,80,74,31,31,74
1127,80,80,71,71,71,71,80
1128,79,79,79,69,79,69,79
1129,85,69,86,69,80,80,85
1130,79,69,69,69,69,79,69
1131,88,68,88,68,68,68,88
1132,80,80,86,69,69,80,69
1133,81,48,74,76,81,76,81
1134,69,80,80,80,69,80,69
1135,80,84,84,80,80,80,84
1136,69,80,69,69,80,69,69
1137,86,80,80,80,86,80,69
1138,78,78,70,80,78,73,73
1139,78,78,73,78,68,88,88
1140,77,67,67,67,77,77,77
1141,66,79,79,66,79,79,79
1142,70,79,70,70,70,70,70
1143,70,78,78,78,88,78,70
1144,70,70,70,70,70,70,70
1145,67,80,67,80,80,80,67
1146,80,80,80,80,80,66,80
1147,68,68,68,80,80,68,68
1148,80,80,80,80,67,80,67
1149,44,80,44,44,80,44,80
1150,69,80,80,80,69,69,80
1151,69,69,69,69,78,78,78
1152,89,89,86,70,70,89,86
1153,80,66,80,84,84,80,84
1154,38,87,87,38,38,38,38
1155,86,86,77,69,69,86,77
1156,80,80,69,78,80,69,78
1157,70,70,83,70,83,70,70
1158,80,80,69,80,69,80,69
1159,87,87,85,85,87,52,87
1160,70,86,86,80,70,80,80
1161,80,73,69,73,80,73,80
1162,69,77,69,69,77,77,69
1163,80,69,80,80,80,80,69
1164,76,70,70,76,70,76,70
1165,77,69,69,77,80,69,80
1166,77,77,77,66,66,77,66
1167,67,67,77,67,67,67,77
1168,66,66,66,66,80,66,66
1169,67,80,80,80,80,67,67
1170,67,77,77,77,80,67,80
1171,67,80,67,67,80,67,80
1172,77,12,12,77,77,12,12
1173,86,80,70,70,86,80,80
1174,80,88,69,88,69,80,80
1175,70,70,70,70,86,86,70
1176,89,89,80,80,70,70,70
1177,69,69,69,69,69,77,77
1178,77,67,67,67,77,77,77
1179,77,77,68,77,77,68,77
1180,67,77,77,73,73,73,77
1181,73,73,67,67,77,77,77
1182,77,77,77,77,67,77,77
1183,77,73,67,67,77,73,77
1184,67,67,67,79,67,67,67
1185,67,67,67,77,67,77,89
1186,80,77,67,80,77,80,80
1187,48,78,78,48,48,78,78
1188,90,90,73,63,73,63,90
1189,70,70,70,80,80,70,80
1190,70,70,86,70,70,70,86
1191,71,80,71,80,71,71,71
1192,66,66,80,66,66,66,66
1193,67,80,80,67,67,80,67
1194,80,67,67,67,78,67,80
1195,80,66,80,66,80,66,66
1196,80,80,80,80,80,80,80
1197,77,77,80,69,69,69,77
1198,78,33,78,88,33,78,78
1199,77,83,77,77,69,69,77
1200,80,76,76,76,23,80,76
1201,79,79,69,69,69,69,69
1202,69,77,77,77,77,69,77
1203,86,86,86,86,84,86,84
1204,15,80,89,77,77,77,77
1205,69,80,80,69,80,80,69
1206,66,66,77,77,77,77,77
1207,68,88,68,88,68,88,68
1208,80,78,78,88,88,88,78
1209,77,67,77,67,67,67,67
1210,68,88,87,88,88,68,88
1211,86,67,80,67,86,86,86
1212,66,86,66,80,80,86,66
1213,78,66,66,80,66,80,66
1214,80,49,49,80,49,80,80
1215,69,73,87,73,69,87,73
1216,70,70,70,70,86,86,86
1217,68,68,88,88,68,88,88
1218,77,68,77,68,68,68,77
1219,75,75,86,77,76,75,76
1220,80,80,68,68,80,80,80
1221,80,67,67,80,67,67,67
1222,66,73,73,73,66,73,73
1223,66,80,80,66,66,80,80
1224,67,67,80,67,80,67,80
1225,77,68,77,77,77,77,68
1226,80,70,78,78,78,78,80
1227,68,68,68,80,80,80,68
1228,68,68,68,68,73,73,73
1229,68,80,68,80,80,68,68
1230,77,77,67,67,77,77,67
1231,80,80,63,80,80,80,80
1232,64,79,64,79,64,64,64
1233,80,80,69,69,69,69,69
1234,77,77,71,71,77,77,71
1235,78,78,67,78,78,78,67
1236,70,80,80,80,80,80,70
1237,80,80,69,69,80,80,80
1238,69,69,69,69,69,69,69
1239,73,86,73,68,68,73,68
1240,69,87,75,87,75,75,69
1241,70,80,77,70,77,77,77
1242,64,64,64,64,64,77,77
1243,83,83,83,83,71,71,83
1244,70,73,73,73,70,73,73
1245,70,78,78,78,70,70,70
1246,77,68,68,68,77,77,68
1247,67,90,90,90,90,67,67
1248,88,67,88,67,67,67,67
1249,66,77,66,66,77,66,77
1250,73,73,73,73,73,73,68
1251,77,77,70,70,77,70,70
1252,80,80,70,80,70,80,70
1253,88,68,68,88,68,88,68
1254,70,77,77,70,70,70,70
1255,80,80,70,70,70,70,70
1256,70,70,70,70,70,70,70
1257,70,80,70,80,80,80,80
1258,77,86,70,77,86,86,70
1259,69,77,77,86,77,69,77
1260,68,80,68,80,80,68,68
1261,80,80,80,80,80,68,80
1262,86,69,69,69,69,69,86
1263,80,69,69,69,80,80,80
1264,69,69,69,80,80,80,69
1265,70,80,70,80,80,70,80
1266,46,46,80,46,80,46,46
1267,68,80,68,80,68,80,80
1268,65,65,65,80,80,65,80
1269,86,77,30,86,77,86,30
1270,66,66,77,66,77,77,66
1271,67,67,77,67,67,77,77
1272,77,67,80,77,80,67,80
1273,80,88,80,80,80,67,67
1274,66,87,88,87,88,87,88
1275,67,67,88,67,88,88,67
1276,69,69,80,80,69,80,69
1277,73,69,73,69,69,73,73
1278,80,80,84,80,70,80,84
1279,76,74,76,70,70,76,70
1280,78,78,70,70,70,70,70
1281,80,69,69,80,80,69,80
1282,80,80,69,80,69,80,69
1283,77,77,70,77,77,70,77
1284,80,69,80,69,69,69,85
1285,80,67,80,80,80,67,80
1286,86,10,84,77,77,86,84
1287,77,77,69,77,77,77,77
1288,69,69,77,77,77,69,77
1289,69,69,86,69,86,69,69
1290,67,80,80,80,67,80,67
1291,69,69,77,69,77,77,69
1292,81,76,70,81,70,70,81
1293,74,71,76,74,74,87,71
1294,71,71,79,79,79,79,79
1295,80,70,80,80,77,80,70
1296,77,69,77,77,80,80,80
1297,67,80,86,86,80,67,80
1298,84,77,26,77,77,84,77
1299,86,14,80,80,80,14,14
1300,80,86,80,70,70,70,70
1301,77,54,54,54,77,77,54
1302,70,70,70,70,77,77,70
1303,73,67,73,67,67,73,73
1304,78,69,78,73,73,69,73
1305,77,68,68,68,68,77,68
1306,80,67,80,67,67,80,67
1307,79,79,79,67,67,67,79
1308,77,80,80,67,80,80,80
1309,47,80,47,80,47,80,80
1310,18,80,18,18,18,18,80
1311,69,80,80,80,80,69,80
1312,77,69,77,80,80,69,69
1313,71,82,88,85,71,82,85
1314,67,67,67,73,73,74,73
1315,70,86,80,86,80,80,70
1316,70,80,70,70,80,80,80
1317,69,80,80,69,80,80,80
1318,69,79,69,79,79,69,69
1319,69,80,69,80,69,69,69
1320,69,69,80,69,80,80,69
1321,69,77,69,69,77,77,77
1322,77,77,66,77,66,77,66
1323,80,67,67,67,67,80,67
1324,88,69,69,88,80,69,80
1325,80,69,69,69,80,69,69
1326,69,80,80,80,69,69,69
1327,67,80,80,67,67,80,80
1328,69,80,69,69,80,69,80
1329,80,69,80,80,80,80,80
1330,67,67,80,80,67,80,80
1331,68,79,68,68,79,79,79
1332,80,66,80,80,66,80,80
1333,77,80,77,80,80,77,80
1334,69,80,69,80,80,80,80
1335,80,69,69,69,69,69,80
1336,69,76,76,69,77,76,76
1337,69,69,77,77,69,77,77
1338,69,80,80,69,69,69,80
1339,66,77,66,77,80,66,66
1340,86,86,86,68,86,86,86
1341,80,65,65,80,80,80,80
1342,69,69,69,80,80,80,80
1343,68,68,80,68,68,80,80
1344,66,66,80,66,80,66,66
1345,67,80,67,67,80,67,67
1346,65,80,80,80,65,65,65
1347,80,31,80,80,80,31,80
1348,80,80,80,63,80,80,63
1349,66,77,66,66,77,66,77
1350,80,80,22,22,80,22,80
1351,77,77,77,77,77,77,69
1352,80,49,49,80,49,49,80
1353,67,67,86,86,86,67,86
1354,80,80,65,80,80,65,65
1355,80,80,69,69,80,69,69
1356,77,77,77,69,69,77,77
1357,89,89,67,86,86,86,89
1358,69,69,69,73,73,69,69
1359,69,80,80,69,69,69,69
1360,77,67,77,77,67,77,77
1361,69,77,69,69,77,77,69
1362,69,69,69,73,73,73,73
1363,69,79,69,79,79,69,79
1364,69,73,73,69,69,69,69
1365,80,73,80,73,73,73,66
1366,67,67,79,67,80,79,79
1367,67,75,75,75,75,67,67
1368,67,67,80,67,67,67,80
1369,23,23,23,23,80,80,23
1370,88,88,67,80,67,80,88
1371,77,67,67,67,83,83,83
1372,73,73,67,67,67,67,67
1373,44,44,72,44,72,44,44
1374,77,77,53,77,77,77,53
1375,80,80,66,66,66,80,80
1376,70,77,70,77,70,70,77
1377,70,86,70,77,77,77,70
1378,79,79,70,79,79,79,70
1379,70,86,86,86,86,70,86
1380,70,70,70,80,70,80,70
1381,69,80,80,69,69,80,80
1382,80,80,80,80,70,70,80
1383,74,74,76,74,74,76,74
1384,80,80,80,80,70,80,70
1385,77,77,86,86,77,86,70
1386,87,87,70,87,87,70,70
1387,70,86,70,86,70,86,86
1388,80,70,80,70,80,70,70
1389,70,80,80,70,80,70,80
1390,70,70,70,70,78,78,78
1391,80,70,80,70,80,70,70
1392,80,80,80,80,70,80,80
1393,70,88,73,88,88,73,73
1394,86,86,70,86,86,70,70
1395,71,71,71,71,80,71,71
1396,69,80,69,80,80,69,69
1397,80,7,7,80,7,80,80
1398,80,69,69,80,69,69,80
1399,88,70,88,88,70,70,70
1400,68,80,86,80,80,68,86
1401,66,66,80,66,66,80,66
1402,80,66,66,66,80,80,66
1403,67,77,80,77,77,80,80
1404,60,77,77,77,77,60,77
1405,70,70,70,70,80,70,70
1406,80,80,80,80,80,86,80
1407,67,73,67,67,67,67,67
1408,68,77,68,77,68,68,77
1409,75,67,76,75,75,67,76
1410,80,80,80,80,66,80,80
1411,74,87,41,74,74,87,41
1412,76,68,68,76,75,76,75
1413,73,67,67,67,73,67,67
1414,73,68,68,68,68,73,73
1415,73,76,67,76,73,67,73
1416,73,67,67,73,87,87,73
1417,70,80,70,80,70,70,70
1418,66,66,66,80,80,66,66
1419,73,87,67,67,67,67,87
1420,77,70,77,77,70,70,77
1421,66,66,66,66,66,80,66
1422,82,82,82,88,82,66,66
1423,68,80,68,80,89,80,80
1424,77,86,86,80,86,80,67
1425,80,67,67,77,80,67,67
1426,69,80,80,80,77,69,77
1427,80,69,69,80,80,80,80
1428,77,77,70,77,70,77,77
1429,86,86,71,80,71,86,71
1430,80,80,70,70,70,80,70
1431,88,88,88,88,88,70,88
1432,71,71,80,80,80,80,80
1433,73,80,73,80,80,70,80
1434,86,71,71,86,71,86,86
1435,68,77,68,68,77,68,77
1436,80,86,86,80,86,86,80
1437,77,67,77,77,67,77,67
1438,80,80,68,68,68,80,68
1439,67,67,78,67,80,80,67
1440,67,67,67,67,67,67,80
1441,68,80,68,68,80,80,68
1442,80,80,80,80,80,68,80
1443,67,80,67,67,67,67,67
1444,77,77,76,85,77,76,76
1445,67,80,67,80,67,67,67
1446,68,77,77,77,68,68,77
1447,80,66,80,80,80,80,80
1448,80,69,80,69,80,69,80
1449,80,80,80,69,69,69,80
1450,74,20,86,74,86,74,20
1451,13,13,88,13,13,88,13
1452,16,85,85,85,85,16,16
1453,19,78,78,19,80,80,19
1454,90,90,90,20,90,90,90
1455,16,90,90,90,16,90,90
1456,80,27,27,77,77,80,27
1457,77,77,77,69,80,77,69
1458,86,10,77,84,10,10,86
1459,69,84,69,84,69,84,69
1460,80,80,77,77,69,77,77
1461,8,77,8,77,8,8,8
1462,78,78,69,69,80,80,86
1463,70,77,77,70,77,70,70
1464,68,80,80,80,68,80,68
1465,68,68,68,80,77,77,77
1466,80,68,68,80,80,68,68
1467,80,80,66,80,66,66,66
1468,68,80,68,80,80,68,80
1469,74,76,76,76,74,76,74
1470,68,75,76,76,68,68,68
1471,68,68,88,88,88,88,88
1472,69,87,87,87,69,87,69
1473,80,12,12,76,80,80,80
1474,67,77,67,67,86,77,86
1475,77,77,80,80,80,66,77
1476,82,82,21,82,21,82,82
1477,83,88,83,83,83,88,70
1478,80,78,73,78,68,78,78
1479,77,68,68,77,77,68,68
1480,76,47,47,74,76,47,47
1481,80,80,67,80,67,67,80
1482,69,79,79,79,69,79,79
1483,86,73,80,73,71,86,80
1484,77,73,77,73,77,73,77
1485,80,67,80,89,67,80,67
1486,80,68,80,80,80,68,68
1487,86,77,66,86,66,86,86
1488,66,80,66,66,80,80,66
1489,77,67,77,67,77,77,77
1490,77,66,66,77,66,66,77
1491,73,88,68,68,80,80,88
1492,77,67,67,67,67,67,77
1493,86,69,86,69,86,69,86
1494,69,77,77,77,77,69,77
1495,80,69,80,80,69,80,69
1496,77,77,69,77,69,69,77
1497,79,79,69,69,79,79,79
1498,70,70,70,77,70,77,70
1499,77,77,67,67,77,77,67
1500,77,69,77,69,77,77,77
1501,70,70,89,70,70,70,70
1502,77,67,67,86,77,77,67
1503,76,68,74,76,68,76,74
1504,77,77,69,77,77,77,69
1505,78,69,80,78,80,80,80
1506,69,80,69,80,69,80,69
1507,69,69,77,69,77,77,69
1508,80,68,80,88,68,68,68
1509,77,77,67,67,67,67,67
1510,78,69,78,69,69,69,69
1511,77,70,70,77,70,77,70
1512,69,80,69,80,80,69,69
1513,77,70,77,77,70,77,70
1514,80,80,70,70,70,80,70
1515,68,86,74,74,68,68,68
1516,67,67,67,80,80,67,80
1517,69,80,69,69,80,69,69
1518,80,68,68,80,80,80,68
1519,78,68,78,80,80,68,78
1520,68,83,68,83,68,83,68
1521,77,86,66,66,66,86,66
1522,88,67,88,67,67,67,67
1523,74,74,74,73,67,67,73
1524,69,69,80,69,80,80,80
1525,86,86,77,71,77,71,77
1526,58,88,88,88,86,80,86
1527,71,77,77,71,77,77,71
1528,80,80,70,80,70,80,70
1529,89,69,89,69,69,89,69
1530,68,80,68,80,68,68,80
1531,68,74,76,76,76,76,76
1532,67,80,67,67,80,80,67
1533,80,80,66,80,80,80,66
1534,70,70,78,78,77,77,78
1535,80,67,67,80,67,80,80
1536,69,80,69,80,80,80,80
1537,70,70,70,77,70,70,77
1538,80,70,70,70,80,80,70
1539,66,66,66,66,80,80,80
1540,68,76,68,76,74,74,74
1541,80,67,67,80,67,67,67
1542,2,80,2,2,80,2,80
1543,80,69,80,80,80,69,69
1544,77,68,68,68,77,68,77
1545,68,68,80,86,86,86,80
1546,80,61,61,61,80,80,80
1547,68,79,79,79,68,68,68
1548,73,73,88,73,88,88,73
1549,68,68,88,88,88,68,68
1550,68,68,77,68,77,68,77
1551,80,80,80,80,67,80,67
1552,73,73,68,73,68,68,73
1553,85,85,68,68,68,68,68
1554,67,80,80,80,80,67,67
1555,66,74,76,76,66,74,76
1556,73,73,88,88,88,68,88
1557,80,80,69,80,80,77,69
1558,80,80,69,69,69,80,69
1559,80,73,88,73,73,73,88
1560,78,78,54,78,78,78,54
1561,79,67,79,79,79,80,79
1562,66,79,66,79,66,79,79
1563,86,86,67,67,67,86,67
1564,80,64,80,64,80,80,80
1565,65,65,80,80,80,80,65
1566,80,16,80,16,80,16,16
1567,65,77,65,77,65,65,65
1568,86,86,77,65,65,65,65
1569,60,60,77,77,60,60,80
1570,77,65,77,65,77,65,77
1571,46,80,80,80,46,80,80
1572,55,80,80,55,55,55,55
1573,41,41,41,41,41,83,41
1574,89,68,89,89,68,68,68
1575,80,80,80,80,63,63,80
1576,81,81,60,60,81,60,60
1577,80,80,80,29,29,80,29
1578,40,80,80,40,80,80,40
1579,88,61,88,88,61,61,61
1580,6,6,86,86,86,86,86
1581,23,85,85,85,23,85,85
1582,20,20,20,82,82,20,20
1583,80,80,80,80,59,80,80
1584,19,80,19,19,19,19,80
1585,79,63,79,79,63,79,63
1586,80,65,80,73,73,73,78
1587,31,90,90,31,90,31,31
1588,70,77,77,80,70,70,80
1589,70,70,77,77,77,70,70
1590,70,70,80,70,70,80,70
1591,71,80,71,71,80,71,80
1592,80,80,71,71,71,71,71
1593,69,77,77,77,69,69,77
1594,79,71,79,71,79,79,79
1595,73,69,69,69,88,88,69
1596,87,87,68,73,88,73,87
1597,80,73,65,65,65,80,80
1598,78,88,78,88,70,70,88
1599,69,80,80,69,80,69,80
1600,70,70,77,77,77,70,77
1601,70,88,88,88,70,70,70
1602,80,80,80,71,80,80,71
1603,80,80,69,69,80,80,69
1604,78,21,78,78,78,78,82
1605,77,70,77,77,77,77,77
1606,78,78,78,78,78,70,78
1607,71,71,71,71,80,71,80
1608,76,70,80,80,74,74,74
1609,70,77,77,70,70,77,77
1610,70,78,86,70,73,78,78
1611,77,70,70,77,70,77,77
1612,71,71,71,71,86,71,71
1613,73,80,73,73,80,71,73
1614,77,77,77,77,80,80,31
1615,73,76,70,70,74,76,81
1616,80,80,68,68,80,80,80
1617,70,70,70,70,86,86,86
1618,63,73,73,78,78,63,78
1619,69,69,80,69,69,69,69
1620,77,77,77,77,70,77,77
1621,88,88,88,88,88,69,69
1622,66,66,66,77,77,77,66
1623,80,69,69,69,80,80,69
1624,71,88,88,88,88,71,71
1625,88,70,70,88,88,88,88
1626,69,69,69,69,80,77,77
1627,80,77,69,77,80,77,77
1628,67,67,80,67,67,67,67
1629,68,68,68,79,79,68,68
1630,80,69,80,69,80,69,80
1631,77,66,66,77,80,80,77
1632,89,69,69,69,69,69,89
1633,69,69,77,80,69,80,80
1634,69,69,69,69,69,69,80
1635,59,80,80,80,80,80,59
1636,80,69,69,80,80,69,69
1637,80,80,80,69,80,80,80
1638,69,78,80,78,80,80,80
1639,80,80,69,80,80,69,80
1640,80,69,69,80,69,69,69
1641,69,79,79,79,79,69,79
1642,80,80,69,80,69,69,69
1643,70,70,80,80,70,70,70
1644,70,70,77,77,77,77,70
1645,80,71,80,80,71,71,71
1646,73,71,73,80,73,73,80
1647,80,80,78,78,78,71,77
1648,71,80,80,80,80,80,71
1649,77,79,71,79,71,79,79
1650,71,71,80,71,71,71,80
1651,80,88,71,88,88,88,80
1652,70,86,70,70,86,70,70
1653,69,80,80,69,80,69,80
1654,71,77,71,77,71,71,77
1655,86,67,77,86,86,86,77
1656,77,86,71,77,71,86,86
1657,73,69,69,69,69,69,73
1658,80,80,80,69,80,80,80
1659,69,69,77,77,77,69,77
1660,69,80,80,80,69,69,80
1661,67,67,67,80,67,80,80
1662,80,70,86,80,70,86,80
1663,70,89,70,89,80,89,80
1664,70,70,77,77,77,77,77
1665,80,80,80,70,80,80,70
1666,70,80,80,80,80,80,70
1667,70,80,80,80,80,80,70
1668,77,77,77,70,77,70,77
1669,70,80,70,78,85,85,85
1670,71,77,71,88,77,77,71
1671,80,71,71,80,80,80,80
1672,66,66,80,66,66,80,80
1673,68,73,73,73,73,88,68
1674,35,35,80,80,35,80,80
1675,80,69,80,69,80,69,80
1676,69,69,69,80,69,80,80
1677,69,69,80,69,69,80,80
1678,80,71,71,80,80,80,71
1679,71,88,86,88,88,88,88
1680,80,86,86,86,86,86,71
1681,67,77,67,67,77,67,77
1682,80,69,80,69,69,80,80
